Melbourne CBD,Lord of the Ring,22/04/2018,10:00
Melbourne CBD,Berlin Fallin,22/04/2018,13:00
Melbourne CBD,Darkest Hour,22/04/2018,15:00
Melbourne CBD,The Crown,22/04/2018,18:00
Melbourne CBD,Superman,22/04/2018,22:00
Melbourne CBD,Lord of the Ring,23/04/2018,10:00
Melbourne CBD,Berlin Fallin,23/04/2018,13:00
Melbourne CBD,Darkest Hour,23/04/2018,15:00
Melbourne CBD,The Crown,23/04/2018,18:00
Melbourne CBD,Superman,23/04/2018,22:00
Melbourne CBD,Lord of the Ring,24/04/2018,10:00
Melbourne CBD,Berlin Fallin,24/04/2018,13:00
Melbourne CBD,Darkest Hour,24/04/2018,15:00
Melbourne CBD,The Crown,24/04/2018,18:00
Melbourne CBD,Superman,24/04/2018,22:00
Melbourne CBD,Lord of the Ring,25/04/2018,10:00
Melbourne CBD,Berlin Fallin,25/04/2018,13:00
Melbourne CBD,Darkest Hour,25/04/2018,15:00
Melbourne CBD,The Crown,25/04/2018,18:00
Melbourne CBD,Superman,25/04/2018,22:00
Melbourne CBD,Lord of the Ring,26/04/2018,10:00
Melbourne CBD,Berlin Fallin,26/04/2018,13:00
Melbourne CBD,Darkest Hour,26/04/2018,15:00
Melbourne CBD,The Crown,26/04/2018,18:00
Melbourne CBD,Superman,26/04/2018,22:00
Melbourne CBD,Lord of the Ring,27/04/2018,10:00
Melbourne CBD,Berlin Fallin,27/04/2018,13:00
Melbourne CBD,Darkest Hour,27/04/2018,15:00
Melbourne CBD,The Crown,27/04/2018,18:00
Melbourne CBD,Superman,27/04/2018,22:00
Melbourne CBD,Lord of the Ring,28/04/2018,10:00
Melbourne CBD,Berlin Fallin,28/04/2018,13:00
Melbourne CBD,Darkest Hour,28/04/2018,15:00
Melbourne CBD,The Crown,28/04/2018,18:00
Melbourne CBD,Superman,28/04/2018,22:00
Sunshine,Planet of Monkeys,22/04/2018,10:00
Sunshine,Berlin Fallin,22/04/2018,13:00
Sunshine,Darkest Hour,22/04/2018,15:00
Sunshine,The theory of Everything,22/04/2018,18:00
Sunshine,Superman,22/04/2018,22:00
Sunshine,Planet of Monkeys,23/04/2018,10:00
Sunshine,Berlin Fallin,23/04/2018,13:00
Sunshine,Darkest Hour,23/04/2018,15:00
Sunshine,The theory of Everything,23/04/2018,18:00
Sunshine,Superman,23/04/2018,22:00
Sunshine,Planet of Monkeys,24/04/2018,10:00
Sunshine,Berlin Fallin,24/04/2018,13:00
Sunshine,Darkest Hour,24/04/2018,15:00
Sunshine,The theory of Everything,24/04/2018,18:00
Sunshine,Superman,24/04/2018,22:00
Sunshine,Planet of Monkeys,25/04/2018,10:00
Sunshine,Berlin Fallin,25/04/2018,13:00
Sunshine,Darkest Hour,25/04/2018,15:00
Sunshine,The theory of Everything,25/04/2018,18:00
Sunshine,Superman,25/04/2018,22:00
Sunshine,Planet of Monkeys,26/04/2018,10:00
Sunshine,Berlin Fallin,26/04/2018,13:00
Sunshine,Darkest Hour,26/04/2018,15:00
Sunshine,The theory of Everything,26/04/2018,18:00
Sunshine,Superman,26/04/2018,22:00
Sunshine,Planet of Monkeys,27/04/2018,10:00
Sunshine,Berlin Fallin,27/04/2018,13:00
Sunshine,Darkest Hour,27/04/2018,15:00
Sunshine,The theory of Everything,27/04/2018,18:00
Sunshine,Superman,27/04/2018,22:00
Sunshine,Planet of Monkeys,28/04/2018,10:00
Sunshine,Berlin Fallin,28/04/2018,13:00
Sunshine,Darkest Hour,28/04/2018,15:00
Sunshine,The theory of Everything,28/04/2018,18:00
Sunshine,Superman,28/04/2018,22:00
Fitzroy,Planet of Monkeys,22/04/2018,10:00
Fitzroy,Despecible Me 2,22/04/2018,13:00
Fitzroy,Inception,22/04/2018,15:00
Fitzroy,The theory of Everything,22/04/2018,18:00
Fitzroy,Superman,22/04/2018,22:00
Fitzroy,Planet of Monkeys,23/04/2018,10:00
Fitzroy,Despecible Me 2,23/04/2018,13:00
Fitzroy,Inception,23/04/2018,15:00
Fitzroy,The theory of Everything,23/04/2018,18:00
Fitzroy,Superman,23/04/2018,22:00
Fitzroy,Planet of Monkeys,24/04/2018,10:00
Fitzroy,Despecible Me 2,24/04/2018,13:00
Fitzroy,Inception,24/04/2018,15:00
Fitzroy,The theory of Everything,24/04/2018,18:00
Fitzroy,Superman,24/04/2018,22:00
Fitzroy,Planet of Monkeys,25/04/2018,10:00
Fitzroy,Despecible Me 2,25/04/2018,13:00
Fitzroy,Inception,25/04/2018,15:00
Fitzroy,The theory of Everything,25/04/2018,18:00
Fitzroy,Superman,25/04/2018,22:00
Fitzroy,Planet of Monkeys,26/04/2018,10:00
Fitzroy,Despecible Me 2,26/04/2018,13:00
Fitzroy,Inception,26/04/2018,15:00
Fitzroy,The theory of Everything,26/04/2018,18:00
Fitzroy,Superman,26/04/2018,22:00
Fitzroy,Planet of Monkeys,27/04/2018,10:00
Fitzroy,Despecible Me 2,27/04/2018,13:00
Fitzroy,Inception,27/04/2018,15:00
Fitzroy,The theory of Everything,27/04/2018,18:00
Fitzroy,Superman,27/04/2018,22:00
Fitzroy,Planet of Monkeys,28/04/2018,10:00
Fitzroy,Despecible Me 2,28/04/2018,13:00
Fitzroy,Inception,28/04/2018,15:00
Fitzroy,The theory of Everything,28/04/2018,18:00
Fitzroy,Superman,28/04/2018,22:00